algoritmo,fpr_media,fpr_desvio,fnr_media,fnr_desvio,precision_media,precision_desvio,recall_media,recall_desvio,f1score_media,f1score_desvio,accuracy_media,accuracy_desvio
DQN,0.058583996589080756,0.008789763383989263,0.09496392949419426,0.019206990313894508,0.9260237606178908,0.010801818223701621,0.9050360705058058,0.019206990313894515,0.9152844631560569,0.011454029806153844,0.9251017639077341,0.009778543995498936
A2C,0.04239981667435968,0.01425774317061123,0.1095631756973922,0.020720164697123677,0.9436035639384042,0.01973192814996755,0.8904368243026077,0.020720164697123664,0.9159047772307302,0.009653026639031823,0.9274536408864767,0.006244796234859566
PPO,0.007708978819566578,0.011524056322251114,0.439833909372053,0.16777590656412236,0.9877836593603009,0.01587161137389652,0.560166090627947,0.1677759065641224,0.6988038244634064,0.13203586854797092,0.8025327905924922,0.06946034426403395
